Simple Payment Verification,Sublinear Complexity Verification
876,436
1029,681
1288,819
1599,1032
1848,1199
2145,1433
2380,1649
2733,1824
3063,1991
3463,2226
3723,2482
3964,2626
4326,2849
4873,3080
4906,3254
5181,3476
5627,3721
5866,3860
6398,4085
6418,4262
6715,4524
7111,4775
7339,5003
7639,5146
8031,5382
8567,5581
8647,5730
8954,6019
9233,6225
9529,6397
9835,6598
10169,6781
10603,7047
10874,7227
11302,7482
11355,7593
11627,7848
12062,7986
12278,8311
12677,8437
13009,8679
13266,8916
13627,9101
13882,9383
14269,9514
14530,9868
15000,9902
15234,10209
15620,10338
16167,10644
16267,10825
16658,11022
16937,11208
17331,11437
17759,11646
18001,11830
18335,12058
18588,12287
19105,12488
19344,12710
19587,12902
19927,13119
20268,13300
20542,13490
20901,13757
21515,13867
21840,14118
21783,14267
22274,14606
22630,14886
22848,15036
23235,15221
23532,15357
23845,15624
24103,15936
24349,16063
24764,16261
25006,16491
25444,16711
25876,16893
26000,17177
26483,17396
26659,17614
27021,17822
27403,17893
27712,18250
28015,18412
28313,18611
28634,18766
28893,19058
29172,19222
29486,19422
29943,19648
30181,19891
30655,20115
30836,20286
31102,20499
31634,20613
31820,20939
32084,22575
32392,21351
32773,21532
33175,21830
33336,21883
33678,22149
34016,22332
34352,22487
34747,22778
35088,22979
35294,23142
35600,23474
35831,23597
36458,23877
36661,24010
36882,24136
37254,24433
37484,24704
37938,24755
38164,25138
38616,25289
38759,25559
39156,25691
39496,25906
39640,25999
40162,26284
40298,26541
40725,26676
41004,26901
41238,27167
41603,27331
42057,27583
42354,27791
42943,27949
42897,28159
43326,28425
43541,28556
43918,28692
44381,29003
44432,29230
44871,29428
45239,29669
45543,29821
45874,30069
46250,30335
46481,30409
46898,30659
47170,31145
62680,32359
47923,31778
48236,32805
49229,32377
48973,32328
49059,32512
49506,32790
52733,34475
51090,41093
55579,33827
68685,37533
51581,36582
51819,36866
51884,36885
52525,37393
53002,37874
54008,37472
53291,37463
53602,37572
53936,37743
54232,38175
54420,38281
54702,38504
55085,38795
55463,38871
55782,39083
56038,39456
56598,39573
56728,39835
56998,40061
57471,40318
57715,40555
57993,40595
58326,41021
58689,40898
58966,41153
59326,41575
59669,41856
60006,42025
60334,42102
60608,42278
61003,42556
61461,42635
61483,42875
61811,43212
62250,43354
62506,43437
62952,43873
63076,44202
63651,44265
63774,44446
64079,44693
64466,45000
64874,45591
64931,45556
65378,45702
65648,45920
66170,46167
66296,46332
66683,46599
66913,46805
67395,48145
67880,47561
67992,47888
68297,47886
68602,48549
68951,48376
69349,48652
71099,48941
69798,49157
70168,49384
70442,49752
71025,49544
71135,50043
71453,50500
71831,50403
72153,50676
72548,52331
73477,52242
73720,52719
73931,52997
74434,53791
107436,59436
74424,52800
74757,52590
75154,52855
75256,52982
75611,53187
75980,53526
76332,53615
76590,53995
76969,54201
78516,57837
78102,54944
77870,54866
78199,54925
78791,55138
78777,55448
79284,55636
91468,56673
79756,56086
80108,56286
80523,56755
80741,56591
81034,57001
81362,57377
81580,57273
82172,57841
82435,58082
83193,58078
83100,58276
83336,58416
83651,58696
84006,58968
84363,59261
84491,59304
84980,59502
85204,59979
85970,61617
86573,62064
87513,63164
87292,62553
88058,62566
87829,62288
87965,61845
87823,61601
88094,61852
88385,62096
88778,62230
89137,62631
89492,62707
89658,62931
90033,63412
90318,63608
92257,97232
94060,75522
92147,94478
98072,83233
102276,67604
94073,64779
92640,65077
92887,65257
93244,65251
93667,65934
93975,66330
94104,66322
94585,66378
94825,66821
95114,67072
95601,67239
95853,67565
96170,67541
96431,67958
96858,68387
97143,68171
97561,68418
97757,69125
97979,69088
98420,69372
98746,70110
99374,70141
99362,69963
99725,70695
99980,72477
100257,70557
100716,71057
100991,71100
101281,71544
101525,71650
101915,72116
102617,72117
102674,72471
102985,72446
103172,72613
103674,73006
103879,73184
104110,73463
104492,73419
116064,74105
105088,73998
105569,74721
106546,76532
107276,76372
107337,105261
145940,94783
108002,87019
107891,86854
108391,87024
108576,87208
109018,87554
109330,87784
109811,87942
109906,88215
110203,94948
110887,88693
110877,96683
111248,89187
111621,89401
111947,89778
112332,89669
112336,90278
112975,90326
113123,90547
113840,90850
113657,91027
114052,91314
115935,91735
114874,92365
118718,95351
115915,92609
115793,93204
117905,98239
120709,100164
120769,95295
117109,94026
117434,94258
117712,94285
117934,94876
118242,94681
127262,96292
122816,101597
122519,97448
125258,116416
147770,91296
120176,84048
120093,83854
120361,83709
120429,84103
120887,84739
121143,84839
121464,85288
123552,85601
122017,85534
122737,85951
122909,86346
123111,86460
123442,86614
123536,86660
123945,87867
124437,87370
124640,87591
125002,87487
125413,87916
126796,88237
125907,88400
126169,88773
126537,88555
126963,88744
127078,89354
127580,89488
127707,89642
128352,89681
128419,90130
128853,90229
129176,90660
129749,90786
129693,91232
132487,108368
140323,104738
189843,153869
146929,114305
135466,138670
140683,111953
134927,108954
134867,106911
136312,108756
135808,107907
134271,110212
135686,111005
135332,106757
135201,107063
135616,107358
135801,108436
136111,110650
139057,112197
142095,122856
210255,122285
145168,101875
138530,98861
137646,101309
143932,109519
146843,118129
170148,106755
138973,100711
143382,98719
139054,97522
139473,97658
139678,97932
140050,104130
144962,110155
145639,107658
171373,126092
146849,99318
142112,99780
142088,99711
142232,100012
142544,100379
142981,101061
146936,110659
145836,106022
145841,105316
145691,106841
145825,104150
145163,103738
147999,111631
147023,104457
146252,104494
146528,103744
146836,104352
147148,103888
147504,104332
147696,104639
147935,105129
148377,104787
148898,105391
149131,105310
149208,105559
149529,106003
150311,106736
150199,107520
164705,133690
183354,170279
155594,98639
150305,100413
150819,98862
150999,98856
151378,99137
151455,99519
167442,135624
177594,125589
159795,125211
158934,134026
160595,160310
210495,164605
159624,101680
167611,129340
157984,126059
160928,148437
171611,140024
167987,164969
163966,134321
187232,154083
161880,130264
169086,143939
192491,144502
164877,132055
163002,138018
234856,154011
171369,124787
209234,182684
214817,203139
176856,120845
180568,122297
169710,122302
172319,122996
170415,138223
177131,127218
188333,128004
176135,141599
181641,130909
183486,127586
182524,128207
201026,132602
188516,132827
188749,133074
206385,137942
195504,138238
195676,137876
213801,142868
202581,143188
202913,143231
214007,151555
205522,182140
249991,196610
198164,156078
194113,155922
210399,160841
200772,161585
201149,161296
210038,156844
195988,157169
196307,168114
190992,152882
191165,153238
191851,173945
190195,151606
187233,154804
190525,161074
182466,145880
182928,146658
196351,142675
179830,143396
185466,154088
210151,239572
211823,152045
229401,206418
191498,143676
176222,140860
176523,141088
176875,141244
176957,141189
178828,141832
177915,141698
178155,141928
178422,141933
178718,142746
178791,142947
179202,143322
179773,143278
180257,143690
180235,143677
180656,144283
180876,144522
181182,145124
203539,152736
185497,147335
184145,147668
184251,148061
184848,148227
185171,148290
185367,148620
185546,148486
185890,148878
186514,149171
186620,149238
186999,149987
187404,149869
187617,150151
202098,152525
188328,150622
188600,150848
189005,150935
189135,157374
189704,151309
196324,152479
190415,151867
190709,152157
190967,152146
191305,153026
191566,152809
193352,163237
233566,238635
276745,224374
207983,136496
190066,133555
190414,134489
190895,133818
190950,134060
191467,134339
191785,134985
192338,134590
192545,135183
192681,135316
193068,135740
193270,135312
193616,136028
193908,136700
194167,136444
194700,136232
194924,137122
195310,136923
195591,137352
195800,137552
196057,138027
196517,141834
196876,138374
197208,138490
197545,139027
197707,139170
198138,139577
198364,139830
198661,139804
199132,142700
200632,140829
199930,140868
200056,141141
200365,140688
200775,141447
201037,141769
201401,141645
201678,142267
202166,142204
202404,143096
202804,143282
203303,144111
203462,144153
203770,144812
204905,171988
227067,230776
295879,249148
248838,164477
210298,145293
205801,145530
205961,145762
206130,146252
206674,146659
207197,146453
207479,146070
207441,146881
207880,147443
225373,152252
211729,147984
209230,147996
209093,147817
209335,147920
209993,148305
210220,148134
210605,148795
210986,148440
212013,149382
211314,149541
211898,149622
212335,149043
215501,170579
219624,152147
213796,152809
213933,150577
213598,150574
214103,150559
214382,153109
216004,153362
215196,152188
215735,152658
215713,152522
215764,152383
216200,153291
216485,153705
217295,155208
223699,163554
218704,154445
218083,154288
218449,155486
221911,157077
218928,156233
228310,174324
223894,157375
220013,158222
220191,156069
220497,156394
220861,156509
221010,156206
221914,156158
222955,157099
221870,157202
222784,157397
222648,157990
222982,157148
223615,158348
223748,158622
224047,158332
224221,158694
224393,158699
224786,158631
225310,159240
225798,161968
225696,160189
226443,159711
226308,160727
226769,160561
227381,160704
228895,165549
228012,162108
228321,163316
228449,180955
240024,207971
252572,232467
293128,259794
266098,232453
259283,230824
242435,169856
232854,167036
233705,216340
288591,318845
289504,220993
237005,169492
234794,203717
259522,225029
248808,175772
233419,167267
234010,167784
234548,167845
234874,167411
234411,167424
235701,167846
235029,168389
235898,168806
236628,168275
236278,169270
236314,169406
238282,169656
237504,169305
237503,169982
238523,173377
238894,171806
238140,170253
238393,169729
239408,171304
239409,170424
241952,180482
242623,172728
240273,171778
241627,204689
258117,184247
241585,171678
242209,172211
241857,172958
242930,173887
242604,172813
245811,223286
340782,264272
261872,201979
246187,198674
246236,199431
267928,215713
254302,225346
276403,284876
325079,289448
340982,277432
268394,228281
257718,201572
250470,204088
249551,203289
250112,207969
250266,202772
317829,698323
441095,601916
343274,262725
263270,184687
254058,184275
257569,187181
274498,190064
263144,191128
278981,197291
271529,197549
270869,215939
279006,202935
294115,207227
288143,208880
301804,218353
297453,217323
312541,235336
315538,245793
366347,395956
425651,359945
352029,297976
352991,325956
401329,380859
419758,368004
362296,297551
342356,281109
341584,283173
342064,283070
342317,283942
343100,282516
343711,282876
356040,274505
355431,279956
333701,295066
338497,278254
335114,276494
335772,278776
336437,279091
335993,278177
336729,276519
336443,279093
338705,293182
368174,306593
352643,368362
483270,330836
356958,279852
350557,264215
387137,370049
390098,250518
355330,240135
352321,240018
353310,250856
344378,234575
344204,234599
344510,236172
343819,234290
346657,236399
347894,235264
346179,236258
346692,236993
347187,236721
347589,242415
350308,239337
348741,243089
349304,244416
349336,245251
353361,247611
353228,240748
349978,269791
371346,327478
378798,341062
368387,298145
366256,359021
378487,334399
379243,311678
359243,297024
359351,294791
358990,297631
359054,297400
361434,295064
357002,298576
359199,297830
359342,298216
363178,299889
364751,300907
364910,300680
363516,300882
367251,306794
370445,310115
362522,299826
361104,299896
364328,301465
361934,302081
362961,300726
364044,305048
376180,293644
353051,350721
412544,379326
415709,351147
369211,304935
366653,302232
363996,307241
366038,303164
364845,304001
367497,306031
368303,327970
369016,304967
366650,300673
367283,307028
368777,305673
370867,308256
371688,309196
372803,307908
371675,312209
403082,387648
429583,464845
444855,440664
444155,394665
407597,421916
494639,445417
429387,390842
433381,377094
394282,324744
388677,325252
390138,327100
389802,326376
389601,327937
390712,327971
394806,328153
390936,326600
389889,327496
390826,329005
393507,329019
393676,333207
396113,329977
398322,342412
395245,332081
394697,350014
402788,340955
405002,360567
405130,390919
536469,420781
428412,316430
410679,410134
476961,447464
438777,320599
399113,301727
440782,390519
439316,374745
408425,340915
404117,341559
404069,343529
405215,339779
404579,358737
410579,349486
411166,346180
407946,342749
407077,340932
406346,339752
406441,341569
408318,381527
436144,382724
444820,502661
502164,454941
472658,397625
425467,352372
419790,356127
415382,348690
413060,346824
429286,356875
416316,351776
415905,351960
408158,347534
415610,351713
417293,359168
417574,359791
418438,367896
420732,358581
420933,362201
423182,364240
424113,364627
429507,382788
437515,417624
447840,377294
427939,377444
425493,364426
424950,364199
426476,362479
426048,366578
425690,361910
428522,368148
428166,373579
428640,374866
429943,371717
428254,365091
429386,370803
431284,367157
429201,401193
462444,390768
435034,370971
430572,370307
431685,366829
437896,384208
432378,372371
444852,389412
442439,379126
437855,372659
436622,370385
436934,372629
436464,369875
437533,374042
436408,390749
442952,378174
438416,377012
441577,379921
440471,375716
445030,379296
445225,378594
443032,377073
440806,377366
442567,371018
439212,377193
445513,390602
447481,382033
446463,379949
449290,397390
446871,381667
446680,382921
453685,414288
